source,vg2_v,vg1_v,ia_ma,uncertainty_ma,evidence,note
Philips EF86 Graph A,60,0,3.0,0.30,MANUAL_GRAPH_DIGITIZATION,provisional read from original manufacturer graph
Philips EF86 Graph A,60,-1,1.15,0.25,MANUAL_GRAPH_DIGITIZATION,provisional read from original manufacturer graph
Philips EF86 Graph A,60,-2,0.15,0.15,MANUAL_GRAPH_DIGITIZATION,provisional read from original manufacturer graph
Philips EF86 Graph A,100,0,5.2,0.35,MANUAL_GRAPH_DIGITIZATION,provisional read from original manufacturer graph
Philips EF86 Graph A,100,-1,2.8,0.30,MANUAL_GRAPH_DIGITIZATION,provisional read from original manufacturer graph
Philips EF86 Graph A,100,-2,1.15,0.22,MANUAL_GRAPH_DIGITIZATION,provisional read from original manufacturer graph
Philips EF86 Graph A,100,-3,0.25,0.15,MANUAL_GRAPH_DIGITIZATION,provisional read from original manufacturer graph
Philips EF86 Graph A,140,0,7.8,0.40,MANUAL_GRAPH_DIGITIZATION,provisional read from original manufacturer graph
Philips EF86 Graph A,140,-1,5.0,0.35,MANUAL_GRAPH_DIGITIZATION,provisional read from original manufacturer graph
Philips EF86 Graph A,140,-2,3.0,0.20,DOCUMENTED_DEVICE_ANCHOR,Philips tabular anchor agrees with graph
Philips EF86 Graph A,140,-3,1.35,0.20,MANUAL_GRAPH_DIGITIZATION,provisional read from original manufacturer graph
Philips EF86 Graph A,140,-4,0.45,0.15,MANUAL_GRAPH_DIGITIZATION,provisional read from original manufacturer graph
Philips EF86 Graph A,180,0,10.7,0.50,MANUAL_GRAPH_DIGITIZATION,provisional read from original manufacturer graph
Philips EF86 Graph A,180,-1,7.2,0.45,MANUAL_GRAPH_DIGITIZATION,provisional read from original manufacturer graph
Philips EF86 Graph A,180,-2,4.8,0.40,MANUAL_GRAPH_DIGITIZATION,provisional read from original manufacturer graph
Philips EF86 Graph A,180,-3,2.8,0.30,MANUAL_GRAPH_DIGITIZATION,provisional read from original manufacturer graph
Philips EF86 Graph A,180,-4,1.35,0.25,MANUAL_GRAPH_DIGITIZATION,provisional read from original manufacturer graph
Philips EF86 Graph A,180,-5,0.45,0.18,MANUAL_GRAPH_DIGITIZATION,provisional read from original manufacturer graph
