source,curve_vg1_v,va_v,ia_ma,uncertainty_ma,evidence,note
Philips EF86 Graph B,-1.0,20,2.30,0.35,MANUAL_GRAPH_DIGITIZATION,provisional knee-region read from original manufacturer graph
Philips EF86 Graph B,-1.0,40,3.80,0.30,MANUAL_GRAPH_DIGITIZATION,provisional knee-region read from original manufacturer graph
Philips EF86 Graph B,-1.0,60,4.50,0.28,MANUAL_GRAPH_DIGITIZATION,provisional knee-region read from original manufacturer graph
Philips EF86 Graph B,-1.0,80,4.80,0.25,MANUAL_GRAPH_DIGITIZATION,provisional knee-region read from original manufacturer graph
Philips EF86 Graph B,-1.5,20,1.60,0.30,MANUAL_GRAPH_DIGITIZATION,provisional knee-region read from original manufacturer graph
Philips EF86 Graph B,-1.5,40,2.70,0.26,MANUAL_GRAPH_DIGITIZATION,provisional knee-region read from original manufacturer graph
Philips EF86 Graph B,-1.5,60,3.35,0.24,MANUAL_GRAPH_DIGITIZATION,provisional knee-region read from original manufacturer graph
Philips EF86 Graph B,-1.5,80,3.65,0.22,MANUAL_GRAPH_DIGITIZATION,provisional knee-region read from original manufacturer graph
Philips EF86 Graph B,-2.0,20,1.00,0.24,MANUAL_GRAPH_DIGITIZATION,provisional knee-region read from original manufacturer graph
Philips EF86 Graph B,-2.0,40,1.90,0.22,MANUAL_GRAPH_DIGITIZATION,provisional knee-region read from original manufacturer graph
Philips EF86 Graph B,-2.0,60,2.40,0.20,MANUAL_GRAPH_DIGITIZATION,provisional knee-region read from original manufacturer graph
Philips EF86 Graph B,-2.0,80,2.65,0.18,MANUAL_GRAPH_DIGITIZATION,provisional knee-region read from original manufacturer graph
Philips EF86 Graph B,-2.5,20,0.55,0.20,MANUAL_GRAPH_DIGITIZATION,provisional knee-region read from original manufacturer graph
Philips EF86 Graph B,-2.5,40,1.15,0.18,MANUAL_GRAPH_DIGITIZATION,provisional knee-region read from original manufacturer graph
Philips EF86 Graph B,-2.5,60,1.55,0.17,MANUAL_GRAPH_DIGITIZATION,provisional knee-region read from original manufacturer graph
Philips EF86 Graph B,-2.5,80,1.78,0.16,MANUAL_GRAPH_DIGITIZATION,provisional knee-region read from original manufacturer graph
Philips EF86 Graph B,-3.0,20,0.25,0.16,MANUAL_GRAPH_DIGITIZATION,provisional knee-region read from original manufacturer graph
Philips EF86 Graph B,-3.0,40,0.60,0.15,MANUAL_GRAPH_DIGITIZATION,provisional knee-region read from original manufacturer graph
Philips EF86 Graph B,-3.0,60,0.85,0.14,MANUAL_GRAPH_DIGITIZATION,provisional knee-region read from original manufacturer graph
Philips EF86 Graph B,-3.0,80,1.03,0.13,MANUAL_GRAPH_DIGITIZATION,provisional knee-region read from original manufacturer graph
Philips EF86 Graph B,-3.5,20,0.10,0.12,MANUAL_GRAPH_DIGITIZATION,provisional knee-region read from original manufacturer graph
Philips EF86 Graph B,-3.5,40,0.30,0.12,MANUAL_GRAPH_DIGITIZATION,provisional knee-region read from original manufacturer graph
Philips EF86 Graph B,-3.5,60,0.45,0.11,MANUAL_GRAPH_DIGITIZATION,provisional knee-region read from original manufacturer graph
Philips EF86 Graph B,-3.5,80,0.56,0.11,MANUAL_GRAPH_DIGITIZATION,provisional knee-region read from original manufacturer graph
Philips EF86 Graph B,-4.0,20,0.04,0.10,MANUAL_GRAPH_DIGITIZATION,provisional knee-region read from original manufacturer graph
Philips EF86 Graph B,-4.0,40,0.12,0.10,MANUAL_GRAPH_DIGITIZATION,provisional knee-region read from original manufacturer graph
Philips EF86 Graph B,-4.0,60,0.20,0.09,MANUAL_GRAPH_DIGITIZATION,provisional knee-region read from original manufacturer graph
Philips EF86 Graph B,-4.0,80,0.26,0.09,MANUAL_GRAPH_DIGITIZATION,provisional knee-region read from original manufacturer graph
